{
    "explained_variance_4d": [
        0.21159790635630923,
        0.2032469919506276,
        0.157710629752246,
        0.14549673799094495
    ],
    "cluster_labels": [
        2,
        0,
        0,
        0,
        2,
        1,
        0
    ],
    "fft_amplitudes": [
        [
            7.0,
            2.220446049250313e-16,
            2.220446049250313e-16,
            1.1102230246251565e-16,
            1.1102230246251565e-16,
            2.220446049250313e-16,
            2.220446049250313e-16
        ],
        [
            1.0,
            1.1099162641747422,
            1.6038754716096761,
            4.493959207434934,
            4.493959207434934,
            1.6038754716096761,
            1.1099162641747422
        ],
        [
            5.0,
            1.9999999999999998,
            1.9999999999999998,
            2.0,
            2.0,
            1.9999999999999998,
            1.9999999999999998
        ],
        [
            5.0,
            1.9999999999999998,
            2.0,
            1.9999999999999998,
            1.9999999999999998,
            2.0,
            1.9999999999999998
        ],
        [
            5.0,
            1.9999999999999998,
            2.0,
            1.9999999999999998,
            1.9999999999999998,
            2.0,
            1.9999999999999998
        ],
        [
            3.0,
            2.493959207434934,
            0.8900837358252578,
            3.6038754716096766,
            3.6038754716096766,
            0.8900837358252578,
            2.493959207434934
        ],
        [
            3.0,
            3.603875471609676,
            2.4939592074349344,
            0.8900837358252577,
            0.8900837358252577,
            2.4939592074349344,
            3.603875471609676
        ],
        [
            3.0,
            0.8900837358252577,
            3.603875471609676,
            2.4939592074349344,
            2.4939592074349344,
            3.603875471609676,
            0.8900837358252577
        ],
        [
            5.0,
            2.0,
            1.9999999999999998,
            2.0,
            2.0,
            1.9999999999999998,
            2.0
        ],
        [
            3.0,
            2.4939592074349344,
            0.8900837358252573,
            3.603875471609676,
            3.603875471609676,
            0.8900837358252573,
            2.4939592074349344
        ],
        [
            3.0,
            0.8900837358252571,
            3.603875471609676,
            2.493959207434934,
            2.493959207434934,
            3.603875471609676,
            0.8900837358252571
        ],
        [
            3.0,
            0.8900837358252576,
            3.603875471609676,
            2.4939592074349344,
            2.4939592074349344,
            3.603875471609676,
            0.8900837358252576
        ],
        [
            1.0,
            1.6038754716096764,
            4.493959207434934,
            1.1099162641747424,
            1.1099162641747424,
            4.493959207434934,
            1.6038754716096764
        ],
        [
            3.0,
            0.8900837358252576,
            3.603875471609676,
            2.4939592074349344,
            2.4939592074349344,
            3.603875471609676,
            0.8900837358252576
        ],
        [
            3.0,
            3.603875471609676,
            2.4939592074349344,
            0.8900837358252575,
            0.8900837358252575,
            2.4939592074349344,
            3.603875471609676
        ],
        [
            1.0,
            4.4939592074349335,
            1.1099162641747422,
            1.6038754716096766,
            1.6038754716096766,
            1.1099162641747422,
            4.4939592074349335
        ],
        [
            5.0,
            1.9999999999999998,
            1.9999999999999998,
            2.0,
            2.0,
            1.9999999999999998,
            1.9999999999999998
        ],
        [
            3.0,
            3.6038754716096766,
            2.493959207434934,
            0.8900837358252578,
            0.8900837358252578,
            2.493959207434934,
            3.6038754716096766
        ],
        [
            5.0,
            2.0,
            1.9999999999999998,
            1.9999999999999998,
            1.9999999999999998,
            1.9999999999999998,
            2.0
        ],
        [
            5.0,
            2.0,
            1.9999999999999998,
            1.9999999999999998,
            1.9999999999999998,
            1.9999999999999998,
            2.0
        ],
        [
            1.0,
            2.8284271247461894,
            2.8284271247461903,
            2.82842712474619,
            2.82842712474619,
            2.8284271247461903,
            2.8284271247461894
        ],
        [
            1.0,
            4.493959207434934,
            1.1099162641747422,
            1.6038754716096764,
            1.6038754716096764,
            1.1099162641747422,
            4.493959207434934
        ],
        [
            3.0,
            0.8900837358252578,
            3.6038754716096766,
            2.493959207434934,
            2.493959207434934,
            3.6038754716096766,
            0.8900837358252578
        ],
        [
            3.0,
            2.493959207434934,
            0.8900837358252578,
            3.6038754716096766,
            3.6038754716096766,
            0.8900837358252578,
            2.493959207434934
        ],
        [
            3.0,
            2.4939592074349344,
            0.8900837358252577,
            3.603875471609676,
            3.603875471609676,
            0.8900837358252577,
            2.4939592074349344
        ],
        [
            1.0,
            2.8284271247461903,
            2.8284271247461903,
            2.8284271247461903,
            2.8284271247461903,
            2.8284271247461903,
            2.8284271247461903
        ],
        [
            3.0,
            2.4939592074349344,
            0.8900837358252573,
            3.603875471609676,
            3.603875471609676,
            0.8900837358252573,
            2.4939592074349344
        ],
        [
            3.0,
            3.603875471609676,
            2.4939592074349344,
            0.8900837358252577,
            0.8900837358252577,
            2.4939592074349344,
            3.603875471609676
        ],
        [
            1.0,
            2.82842712474619,
            2.8284271247461894,
            2.8284271247461903,
            2.8284271247461903,
            2.8284271247461894,
            2.82842712474619
        ],
        [
            1.0,
            1.1099162641747424,
            1.6038754716096764,
            4.493959207434934,
            4.493959207434934,
            1.6038754716096764,
            1.1099162641747424
        ],
        [
            1.0,
            2.8284271247461894,
            2.8284271247461903,
            2.82842712474619,
            2.82842712474619,
            2.8284271247461903,
            2.8284271247461894
        ],
        [
            3.0,
            2.4939592074349344,
            0.8900837358252577,
            3.603875471609676,
            3.603875471609676,
            0.8900837358252577,
            2.4939592074349344
        ],
        [
            3.0,
            3.603875471609676,
            2.4939592074349344,
            0.8900837358252576,
            0.8900837358252576,
            2.4939592074349344,
            3.603875471609676
        ]
    ]
}